feature,mean_abs_shap,min,max
HE_wc,0.04007061970966483,0.03537608354858114,0.04285771931278471
WHtR,0.03421643352485818,0.02979464407361456,0.03826006737763963
age,0.024157038260878325,0.02010900622554539,0.028455131786592914
HE_BMI,0.017149464397191498,0.014313867274147454,0.018421716361691095
sex,0.016581092552716063,0.015013991398302954,0.017736086544742687
dr_month,0.01179034596679918,0.010918069944758843,0.013398745598646955
sm_presnt,0.009428907862272639,0.008582007349092022,0.010615789883738808
solo_dinner,0.0065008556300698295,0.005621490521886948,0.007190543305635648
incm,0.0062929447949069215,0.004770311525451219,0.007035632716128018
pa_aerobic,0.006123818048300588,0.005402404603831556,0.006849683804744776
sedentary_hours,0.005207379671396275,0.004595140639021819,0.005742771775288093
edu,0.004043269224628072,0.003138908465356996,0.00545862868786347
weight_gain,0.0036062020267109106,0.0029420921531340552,0.004351999804720881
living_alone,0.003476575388384127,0.0029157366061356455,0.004534031780153547
no_brush_bed,0.002626770936084369,0.0020582351117687104,0.00372821723478954
