year,feature,flag,mean_shap_difference
2020,sedentary_hours,elevated_glucose,-0.013107891153489499
2020,sedentary_hours,elevated_bp,0.004571858107831796
2020,sedentary_hours,elevated_tg,0.024558407615617537
2020,sedentary_hours,low_hdl,0.016554119666986045
2020,sm_presnt,elevated_glucose,0.02609225696805973
2020,sm_presnt,elevated_bp,0.0160923044261063
2020,sm_presnt,elevated_tg,0.07606772058145066
2020,sm_presnt,low_hdl,0.025485963663183234
2020,dr_month,elevated_glucose,0.03256190742687422
2020,dr_month,elevated_bp,0.014449686022317526
2020,dr_month,elevated_tg,-0.0050108279108118355
2020,dr_month,low_hdl,-0.08889134466701608
2020,pa_aerobic,elevated_glucose,-0.004925088234014071
2020,pa_aerobic,elevated_bp,-7.466393191234216e-05
2020,pa_aerobic,elevated_tg,-0.015283007589063771
2020,pa_aerobic,low_hdl,-0.025493076855759293
2020,solo_dinner,elevated_glucose,-0.004528987924489291
2020,solo_dinner,elevated_bp,-0.009474536865023232
2020,solo_dinner,elevated_tg,-0.01573073440730151
2020,solo_dinner,low_hdl,-0.029870127850414353
2020,weight_gain,elevated_glucose,0.013043761540266052
2020,weight_gain,elevated_bp,0.006689594468603397
2020,weight_gain,elevated_tg,0.016230859854087277
2020,weight_gain,low_hdl,0.006009557670468846
2020,no_brush_bed,elevated_glucose,0.000986669119600539
2020,no_brush_bed,elevated_bp,0.005466217867344353
2020,no_brush_bed,elevated_tg,-0.002128513499933801
2020,no_brush_bed,low_hdl,-0.0005150687826764137
2021,sedentary_hours,elevated_glucose,-0.012527692925595869
2021,sedentary_hours,elevated_bp,-0.00045697202681191314
2021,sedentary_hours,elevated_tg,0.016999664418041283
2021,sedentary_hours,low_hdl,0.021454998292470884
2021,sm_presnt,elevated_glucose,0.023162843743061132
2021,sm_presnt,elevated_bp,0.009022581645826835
2021,sm_presnt,elevated_tg,0.0904516462432929
2021,sm_presnt,low_hdl,0.03935176193441092
2021,dr_month,elevated_glucose,0.03762343032461143
2021,dr_month,elevated_bp,0.009471624416189107
2021,dr_month,elevated_tg,0.0025735910291629738
2021,dr_month,low_hdl,-0.07741879103224471
2021,pa_aerobic,elevated_glucose,-0.004488664729726187
2021,pa_aerobic,elevated_bp,-0.00578886463493319
2021,pa_aerobic,elevated_tg,-0.015918754362247354
2021,pa_aerobic,low_hdl,-0.026620193525382925
2021,solo_dinner,elevated_glucose,-0.016790258082056215
2021,solo_dinner,elevated_bp,-0.006529656977745656
2021,solo_dinner,elevated_tg,-0.02555598349822991
2021,solo_dinner,low_hdl,-0.028928478026652195
2021,weight_gain,elevated_glucose,0.010800442448362925
2021,weight_gain,elevated_bp,0.006691819608283683
2021,weight_gain,elevated_tg,0.012690513420694091
2021,weight_gain,low_hdl,-0.009815674119581858
2021,no_brush_bed,elevated_glucose,0.004569357433037252
2021,no_brush_bed,elevated_bp,0.007253492499637866
2021,no_brush_bed,elevated_tg,-0.00644668701461054
2021,no_brush_bed,low_hdl,-0.0012322412041394257
2022,sedentary_hours,elevated_glucose,-0.013192077894475514
2022,sedentary_hours,elevated_bp,0.0001788241592293829
2022,sedentary_hours,elevated_tg,0.014100435923866068
2022,sedentary_hours,low_hdl,0.01401933753831408
2022,sm_presnt,elevated_glucose,0.02822353056283623
2022,sm_presnt,elevated_bp,0.012666051471738543
2022,sm_presnt,elevated_tg,0.07950113089902841
2022,sm_presnt,low_hdl,0.03463410126071782
2022,dr_month,elevated_glucose,0.03836145270754419
2022,dr_month,elevated_bp,0.011325506049113716
2022,dr_month,elevated_tg,0.009989308465881811
2022,dr_month,low_hdl,-0.07999892861090052
2022,pa_aerobic,elevated_glucose,-0.008353772240053585
2022,pa_aerobic,elevated_bp,0.00020365532109383795
2022,pa_aerobic,elevated_tg,-0.011593772154724197
2022,pa_aerobic,low_hdl,-0.024022275711513365
2022,solo_dinner,elevated_glucose,-0.008542322685910599
2022,solo_dinner,elevated_bp,-0.009402832486440848
2022,solo_dinner,elevated_tg,-0.013218967915506868
2022,solo_dinner,low_hdl,-0.031007634292041765
2022,weight_gain,elevated_glucose,0.014739558675518022
2022,weight_gain,elevated_bp,0.008017811253155597
2022,weight_gain,elevated_tg,0.019011992882185795
2022,weight_gain,low_hdl,-0.005542359204281483
2022,no_brush_bed,elevated_glucose,0.011896796754168862
2022,no_brush_bed,elevated_bp,0.0026512854637079112
2022,no_brush_bed,elevated_tg,-0.0028599032144918713
2022,no_brush_bed,low_hdl,0.0026858012726968857
2023,sedentary_hours,elevated_glucose,-0.0073783480680065724
2023,sedentary_hours,elevated_bp,-0.0020688066251555717
2023,sedentary_hours,elevated_tg,0.01182007769255858
2023,sedentary_hours,low_hdl,0.019408053737046585
2023,sm_presnt,elevated_glucose,0.0242010185555399
2023,sm_presnt,elevated_bp,0.014821509169334071
2023,sm_presnt,elevated_tg,0.07803912102975594
2023,sm_presnt,low_hdl,0.029937634459241275
2023,dr_month,elevated_glucose,0.04456164671808405
2023,dr_month,elevated_bp,0.01891513328758643
2023,dr_month,elevated_tg,0.012000378246373788
2023,dr_month,low_hdl,-0.08131949687973769
2023,pa_aerobic,elevated_glucose,-0.00984831612573845
2023,pa_aerobic,elevated_bp,-0.00055987045025576
2023,pa_aerobic,elevated_tg,-0.010011854366422199
2023,pa_aerobic,low_hdl,-0.02456493374445483
2023,solo_dinner,elevated_glucose,-0.005473899793434646
2023,solo_dinner,elevated_bp,-0.009159923114548453
2023,solo_dinner,elevated_tg,-0.014060616907705277
2023,solo_dinner,low_hdl,-0.027699762177308903
2023,weight_gain,elevated_glucose,0.017314208249114792
2023,weight_gain,elevated_bp,0.005679781966310697
2023,weight_gain,elevated_tg,0.013491236062245511
2023,weight_gain,low_hdl,0.0023600613960261642
2023,no_brush_bed,elevated_glucose,0.01300239128561229
2023,no_brush_bed,elevated_bp,0.005574813670067705
2023,no_brush_bed,elevated_tg,-0.0036224286010667493
2023,no_brush_bed,low_hdl,-0.0017416979850621035
2024,sedentary_hours,elevated_glucose,-0.006359370958735401
2024,sedentary_hours,elevated_bp,0.003242456200177612
2024,sedentary_hours,elevated_tg,0.01675956328631437
2024,sedentary_hours,low_hdl,0.01787962691901116
2024,sm_presnt,elevated_glucose,0.023453728947319837
2024,sm_presnt,elevated_bp,0.01791375175215016
2024,sm_presnt,elevated_tg,0.08883651301413166
2024,sm_presnt,low_hdl,0.04395137287411807
2024,dr_month,elevated_glucose,0.04042123686676909
2024,dr_month,elevated_bp,0.012701615725733483
2024,dr_month,elevated_tg,0.0023218624552266026
2024,dr_month,low_hdl,-0.08557593440066373
2024,pa_aerobic,elevated_glucose,-0.010338398460997097
2024,pa_aerobic,elevated_bp,-0.0031190359688091683
2024,pa_aerobic,elevated_tg,-0.011464988789781163
2024,pa_aerobic,low_hdl,-0.01868157312025849
2024,solo_dinner,elevated_glucose,-0.0050440164403709395
2024,solo_dinner,elevated_bp,-0.004142000862167333
2024,solo_dinner,elevated_tg,-0.007491433717194386
2024,solo_dinner,low_hdl,-0.03813463704369801
2024,weight_gain,elevated_glucose,0.009701800286926706
2024,weight_gain,elevated_bp,0.01038747006977253
2024,weight_gain,elevated_tg,0.014987035302703126
2024,weight_gain,low_hdl,-0.007584550939243921
2024,no_brush_bed,elevated_glucose,0.009773291209801317
2024,no_brush_bed,elevated_bp,0.00045506098267842726
2024,no_brush_bed,elevated_tg,-0.006209329693934321
2024,no_brush_bed,low_hdl,0.0034935039438725086
