feature,flag,mean_shap_difference,positive_years,negative_years,n_years
dr_month,elevated_bp,0.013372713100188052,5,0,5
dr_month,elevated_glucose,0.03870593480877659,5,0,5
dr_month,elevated_tg,0.0043748624571666676,4,1,5
dr_month,low_hdl,-0.08264089911811255,0,5,5
no_brush_bed,elevated_bp,0.004280174096687252,5,0,5
no_brush_bed,elevated_glucose,0.008045701160444053,5,0,5
no_brush_bed,elevated_tg,-0.004253372404807457,0,5,5
no_brush_bed,low_hdl,0.0005380594489382903,2,3,5
pa_aerobic,elevated_bp,-0.0018677559329633247,1,4,5
pa_aerobic,elevated_glucose,-0.007590847958105879,0,5,5
pa_aerobic,elevated_tg,-0.012854475452447736,0,5,5
pa_aerobic,low_hdl,-0.02387641059147378,0,5,5
sedentary_hours,elevated_bp,0.0010934719630542613,3,2,5
sedentary_hours,elevated_glucose,-0.010513076200060572,0,5,5
sedentary_hours,elevated_tg,0.016847629787279567,5,0,5
sedentary_hours,low_hdl,0.01786322723076575,5,0,5
sm_presnt,elevated_bp,0.014103239693031183,5,0,5
sm_presnt,elevated_glucose,0.025026675755363364,5,0,5
sm_presnt,elevated_tg,0.0825792263535319,5,0,5
sm_presnt,low_hdl,0.03467216683833427,5,0,5
solo_dinner,elevated_bp,-0.007741790061185104,0,5,5
solo_dinner,elevated_glucose,-0.008075896985252339,0,5,5
solo_dinner,elevated_tg,-0.015211547289187588,0,5,5
solo_dinner,low_hdl,-0.03112812787802305,0,5,5
weight_gain,elevated_bp,0.007493295473225181,5,0,5
weight_gain,elevated_glucose,0.013119954240037698,5,0,5
weight_gain,elevated_tg,0.015282327504383162,5,0,5
weight_gain,low_hdl,-0.0029145930393224507,2,3,5
