feature,class,mean_abs_shap
age,Normal,0.04447107281089623
age,High_BP,0.003092265909161503
age,High_Glu,0.02246273229482844
age,Dyslipid,0.015179246920862616
age,Complex,0.035579873368642836
HE_BMI,Normal,0.026991342222166814
HE_BMI,High_BP,0.012478482541291953
HE_BMI,High_Glu,0.010625288734828825
HE_BMI,Dyslipid,0.016166795797003138
HE_BMI,Complex,0.019485412690666754
HE_wc,Normal,0.09581437648948378
HE_wc,High_BP,0.003843057788150048
HE_wc,High_Glu,0.01236014927928076
HE_wc,Dyslipid,0.03237938077720465
HE_wc,Complex,0.0559561342142049
WHtR,Normal,0.06994476146082086
WHtR,High_BP,0.008608332214294996
WHtR,High_Glu,0.0069700419279638895
WHtR,Dyslipid,0.05337632983650412
WHtR,Complex,0.032182702184707035
sedentary_hours,Normal,0.00687156945338559
sedentary_hours,High_BP,0.001108574416375281
sedentary_hours,High_Glu,0.005356564093068056
sedentary_hours,Dyslipid,0.009724669718011093
sedentary_hours,Complex,0.0029755206761413588
sex,Normal,0.0103148723282995
sex,High_BP,0.023841326959229987
sex,High_Glu,0.0028743133346668744
sex,Dyslipid,0.03169872767565203
sex,Complex,0.014176222465731917
incm,Normal,0.01275190510153181
incm,High_BP,0.0019032899909586169
incm,High_Glu,0.0023501207627777292
incm,Dyslipid,0.00851139081774253
incm,Complex,0.005948017301523922
edu,Normal,0.008116851876835161
edu,High_BP,0.0006041515776181519
edu,High_Glu,0.0035606890814890583
edu,Dyslipid,0.0040224567707475
edu,Complex,0.003912196816450486
sm_presnt,Normal,0.01960538972326683
sm_presnt,High_BP,0.001563860446280732
sm_presnt,High_Glu,0.002470582619061677
sm_presnt,Dyslipid,0.011075184712357265
sm_presnt,Complex,0.01242952181039669
dr_month,Normal,0.01056369104586435
dr_month,High_BP,0.003022442528910303
dr_month,High_Glu,0.011542700294795158
dr_month,Dyslipid,0.028777161125552026
dr_month,Complex,0.005045734838874057
pa_aerobic,Normal,0.013465412036309526
pa_aerobic,High_BP,0.0010836395267412424
pa_aerobic,High_Glu,0.0017599027617964343
pa_aerobic,Dyslipid,0.009704912717582068
pa_aerobic,Complex,0.00460522319907367
living_alone,Normal,0.004153429532546852
living_alone,High_BP,0.0011650008373105976
living_alone,High_Glu,0.00333934933882837
living_alone,Dyslipid,0.007496579452442248
living_alone,Complex,0.001228517780792565
solo_dinner,Normal,0.01532819908943787
solo_dinner,High_BP,0.0009406857827704885
solo_dinner,High_Glu,0.001888975969060384
solo_dinner,Dyslipid,0.009423566892375503
solo_dinner,Complex,0.0049228504167049035
weight_gain,Normal,0.007352516927809184
weight_gain,High_BP,0.0010032675758978242
weight_gain,High_Glu,0.0025522221832185586
weight_gain,Dyslipid,0.002421048283415936
weight_gain,Complex,0.00470195516321305
no_brush_bed,Normal,0.0035137611969092604
no_brush_bed,High_BP,0.0010174475919541605
no_brush_bed,High_Glu,0.0020230577321432193
no_brush_bed,Dyslipid,0.003966204920152821
no_brush_bed,Complex,0.002613383239262382
