year,feature,class,mean_abs_shap
2020,age,Normal,0.04366501212646383
2020,age,High_BP,0.003512503457247208
2020,age,High_Glu,0.024237948182087177
2020,age,Dyslipid,0.016854842040400032
2020,age,Complex,0.03517192206371939
2020,HE_BMI,Normal,0.02419186933530324
2020,HE_BMI,High_BP,0.014633294472203233
2020,HE_BMI,High_Glu,0.01097777357685665
2020,HE_BMI,Dyslipid,0.018726775365458085
2020,HE_BMI,Complex,0.01740040206069822
2020,HE_wc,Normal,0.10315907412321838
2020,HE_wc,High_BP,0.003634085604618383
2020,HE_wc,High_Glu,0.012459035551748673
2020,HE_wc,Dyslipid,0.036689347445221863
2020,HE_wc,Complex,0.05834705383911624
2020,WHtR,Normal,0.06851268427663898
2020,WHtR,High_BP,0.011996356737131028
2020,WHtR,High_Glu,0.007072831298464077
2020,WHtR,Dyslipid,0.05886154501864706
2020,WHtR,Complex,0.029103784765194245
2020,sedentary_hours,Normal,0.007034568065741311
2020,sedentary_hours,High_BP,0.0009540970584597303
2020,sedentary_hours,High_Glu,0.006402721219145444
2020,sedentary_hours,Dyslipid,0.010871105587826578
2020,sedentary_hours,Complex,0.0027275083794623066
2020,sex,Normal,0.013721286273557886
2020,sex,High_BP,0.023756596335186696
2020,sex,High_Glu,0.0031979983490213787
2020,sex,Dyslipid,0.02848516989434532
2020,sex,Complex,0.017356798267811033
2020,incm,Normal,0.012602902572468799
2020,incm,High_BP,0.0016991201615073278
2020,incm,High_Glu,0.0022141085531174856
2020,incm,Dyslipid,0.008041476915208656
2020,incm,Complex,0.005726791498992128
2020,edu,Normal,0.011105000755926272
2020,edu,High_BP,0.0005199089496656135
2020,edu,High_Glu,0.0054403445231308994
2020,edu,Dyslipid,0.004108921537513401
2020,edu,Complex,0.006118967673081167
2020,sm_presnt,Normal,0.019479507971861282
2020,sm_presnt,High_BP,0.0013009705168702743
2020,sm_presnt,High_Glu,0.001965927971809021
2020,sm_presnt,Dyslipid,0.009645909644292164
2020,sm_presnt,Complex,0.012875756063867653
2020,dr_month,Normal,0.011867218317295779
2020,dr_month,High_BP,0.004030261379692838
2020,dr_month,High_Glu,0.010918146451854654
2020,dr_month,Dyslipid,0.029077631736979005
2020,dr_month,Complex,0.0027620756237047898
2020,pa_aerobic,Normal,0.012557802280397011
2020,pa_aerobic,High_BP,0.0012576841817594255
2020,pa_aerobic,High_Glu,0.0016500119843398007
2020,pa_aerobic,Dyslipid,0.010701366135042667
2020,pa_aerobic,Complex,0.004048424826375502
2020,living_alone,Normal,0.0044484403637461
2020,living_alone,High_BP,0.00042815079090612247
2020,living_alone,High_Glu,0.003588183696810462
2020,living_alone,Dyslipid,0.006266250332865663
2020,living_alone,Complex,0.0016403357200623129
2020,solo_dinner,Normal,0.012821202852252226
2020,solo_dinner,High_BP,0.0011298863428058949
2020,solo_dinner,High_Glu,0.0020228370571098537
2020,solo_dinner,Dyslipid,0.007754389319209091
2020,solo_dinner,Complex,0.004379137038057679
2020,weight_gain,Normal,0.009855067499045822
2020,weight_gain,High_BP,0.0008388002398256323
2020,weight_gain,High_Glu,0.0025637745522575773
2020,weight_gain,Dyslipid,0.0033030929161101783
2020,weight_gain,Complex,0.005199263816365193
2020,no_brush_bed,Normal,0.0025857935578849746
2020,no_brush_bed,High_BP,0.001314778766442879
2020,no_brush_bed,High_Glu,0.0016778341200960525
2020,no_brush_bed,Dyslipid,0.0031702289082651504
2020,no_brush_bed,Complex,0.001542540206154497
2021,age,Normal,0.04924382908337182
2021,age,High_BP,0.0027413881646040036
2021,age,High_Glu,0.018555707199091824
2021,age,Dyslipid,0.008111637154214655
2021,age,Complex,0.03665142512324215
2021,HE_BMI,Normal,0.029793151714880742
2021,HE_BMI,High_BP,0.011547800828533527
2021,HE_BMI,High_Glu,0.01354933788458909
2021,HE_BMI,Dyslipid,0.016888372574988507
2021,HE_BMI,Complex,0.020329918805463615
2021,HE_wc,Normal,0.09551330449687344
2021,HE_wc,High_BP,0.003526244462896622
2021,HE_wc,High_Glu,0.014966006806950873
2021,HE_wc,Dyslipid,0.031227467336764663
2021,HE_wc,Complex,0.053565705872732676
2021,WHtR,Normal,0.07595157504207717
2021,WHtR,High_BP,0.007400828217044422
2021,WHtR,High_Glu,0.012378799283089922
2021,WHtR,Dyslipid,0.06233841588588188
2021,WHtR,Complex,0.033230718460104745
2021,sedentary_hours,Normal,0.007840366058477651
2021,sedentary_hours,High_BP,0.0009335365500963922
2021,sedentary_hours,High_Glu,0.005423673969895357
2021,sedentary_hours,Dyslipid,0.01244528930264618
2021,sedentary_hours,Complex,0.0020709929953248852
2021,sex,Normal,0.012838249071285683
2021,sex,High_BP,0.02302629449865954
2021,sex,High_Glu,0.001632347404854934
2021,sex,Dyslipid,0.024329171436671532
2021,sex,Complex,0.014508655052666969
2021,incm,Normal,0.010240480954908817
2021,incm,High_BP,0.001292656506088824
2021,incm,High_Glu,0.0015646227370583177
2021,incm,Dyslipid,0.0061369210436548315
2021,incm,Complex,0.004616876385545308
2021,edu,Normal,0.006812722079764914
2021,edu,High_BP,0.0006146730808266833
2021,edu,High_Glu,0.0017200606921443046
2021,edu,Dyslipid,0.005002345841931127
2021,edu,Complex,0.0021758635604450125
2021,sm_presnt,Normal,0.019127845942744737
2021,sm_presnt,High_BP,0.0018708961917900697
2021,sm_presnt,High_Glu,0.002149872931150251
2021,sm_presnt,Dyslipid,0.012273817609368232
2021,sm_presnt,Complex,0.010867598993145565
2021,dr_month,Normal,0.01008739090132285
2021,dr_month,High_BP,0.002229399695117255
2021,dr_month,High_Glu,0.011239362234168054
2021,dr_month,Dyslipid,0.02659158464168101
2021,dr_month,Complex,0.004442612251505048
2021,pa_aerobic,Normal,0.015886758827700666
2021,pa_aerobic,High_BP,0.0005753199763232045
2021,pa_aerobic,High_Glu,0.0012906218315275875
2021,pa_aerobic,Dyslipid,0.01157641862694878
2021,pa_aerobic,Complex,0.004919299761223639
2021,living_alone,Normal,0.003632250126579126
2021,living_alone,High_BP,0.0018062350259698242
2021,living_alone,High_Glu,0.002872393010676918
2021,living_alone,Dyslipid,0.007621932879696548
2021,living_alone,Complex,0.0007892390414181783
2021,solo_dinner,Normal,0.017467960948392768
2021,solo_dinner,High_BP,0.0006934807662869713
2021,solo_dinner,High_Glu,0.001753502206340606
2021,solo_dinner,Dyslipid,0.009611508044009879
2021,solo_dinner,Complex,0.006426264563148014
2021,weight_gain,Normal,0.005251965009952805
2021,weight_gain,High_BP,0.0012611139569779777
2021,weight_gain,High_Glu,0.0026220516767571336
2021,weight_gain,Dyslipid,0.0022928685492709083
2021,weight_gain,Complex,0.003282461572711451
2021,no_brush_bed,Normal,0.002200989532107906
2021,no_brush_bed,High_BP,0.0017740870098768085
2021,no_brush_bed,High_Glu,0.0013573382882846319
2021,no_brush_bed,Dyslipid,0.0034827562200034595
2021,no_brush_bed,Complex,0.0016981981353004158
2022,age,Normal,0.04292057634018461
2022,age,High_BP,0.002925926642029487
2022,age,High_Glu,0.024491434221612908
2022,age,Dyslipid,0.01691406685777973
2022,age,Complex,0.03510704780521779
2022,HE_BMI,Normal,0.028139956939427536
2022,HE_BMI,High_BP,0.01278717759428496
2022,HE_BMI,High_Glu,0.011058991066384555
2022,HE_BMI,Dyslipid,0.01633531833696355
2022,HE_BMI,Complex,0.020777016833271454
2022,HE_wc,Normal,0.08369863090899243
2022,HE_wc,High_BP,0.003573506148977733
2022,HE_wc,High_Glu,0.01025168157114765
2022,HE_wc,Dyslipid,0.031389028652949784
2022,HE_wc,Complex,0.04796757046083812
2022,WHtR,Normal,0.0627763657359117
2022,WHtR,High_BP,0.0065781783932809335
2022,WHtR,High_Glu,0.005169479837891629
2022,WHtR,Dyslipid,0.0452735275072263
2022,WHtR,Complex,0.029175668893762254
2022,sedentary_hours,Normal,0.006576746883756527
2022,sedentary_hours,High_BP,0.0011893269639480168
2022,sedentary_hours,High_Glu,0.0059645130850293875
2022,sedentary_hours,Dyslipid,0.009342083519390145
2022,sedentary_hours,Complex,0.0032280174759189125
2022,sex,Normal,0.008116087585427666
2022,sex,High_BP,0.024367671140996132
2022,sex,High_Glu,0.004502993051200185
2022,sex,Dyslipid,0.03920882990312978
2022,sex,Complex,0.012484851042959677
2022,incm,Normal,0.013246020125476437
2022,incm,High_BP,0.002318988877075512
2022,incm,High_Glu,0.0025189673521395285
2022,incm,Dyslipid,0.01105308386202963
2022,incm,Complex,0.005066144631413908
2022,edu,Normal,0.007992764264017689
2022,edu,High_BP,0.0008020783040231759
2022,edu,High_Glu,0.004891790018319366
2022,edu,Dyslipid,0.003130686884658718
2022,edu,Complex,0.005100362233514647
2022,sm_presnt,Normal,0.01748046623461801
2022,sm_presnt,High_BP,0.001827076686746802
2022,sm_presnt,High_Glu,0.002151284134933873
2022,sm_presnt,Dyslipid,0.00932180466730367
2022,sm_presnt,Complex,0.012129405021857755
2022,dr_month,Normal,0.008639985697543713
2022,dr_month,High_BP,0.0024921763736913513
2022,dr_month,High_Glu,0.012253412278925402
2022,dr_month,Dyslipid,0.027445847060102644
2022,dr_month,Complex,0.004712579957335591
2022,pa_aerobic,Normal,0.01304650629018997
2022,pa_aerobic,High_BP,0.0013293426225113492
2022,pa_aerobic,High_Glu,0.002206924859721341
2022,pa_aerobic,Dyslipid,0.009768737500736353
2022,pa_aerobic,Complex,0.004525283623818284
2022,living_alone,Normal,0.006392853799513753
2022,living_alone,High_BP,0.0010010586436941056
2022,living_alone,High_Glu,0.0038411899722032494
2022,living_alone,Dyslipid,0.010127244872476859
2022,living_alone,Complex,0.0013078116128797679
2022,solo_dinner,Normal,0.01623501238366407
2022,solo_dinner,High_BP,0.0010128616956537604
2022,solo_dinner,High_Glu,0.0020677663539645915
2022,solo_dinner,Dyslipid,0.009319902936548023
2022,solo_dinner,Complex,0.00542582265689439
2022,weight_gain,Normal,0.007778852267628342
2022,weight_gain,High_BP,0.0005777342035428831
2022,weight_gain,High_Glu,0.002410387239879641
2022,weight_gain,Dyslipid,0.0019096013635602363
2022,weight_gain,Complex,0.005387236621919019
2022,no_brush_bed,Normal,0.0035545637000777533
2022,no_brush_bed,High_BP,0.0005520840487457395
2022,no_brush_bed,High_Glu,0.0022022792636975297
2022,no_brush_bed,Dyslipid,0.0037052052770001225
2022,no_brush_bed,Complex,0.0031980473044002674
2023,age,Normal,0.04982362242217874
2023,age,High_BP,0.003414695027031064
2023,age,High_Glu,0.02601125237678394
2023,age,Dyslipid,0.02106767763054536
2023,age,Complex,0.041958411476425456
2023,HE_BMI,Normal,0.0214558178715624
2023,HE_BMI,High_BP,0.010629755300604178
2023,HE_BMI,High_Glu,0.0083271208583085
2023,HE_BMI,Dyslipid,0.014834576281016447
2023,HE_BMI,Complex,0.016322066059245743
2023,HE_wc,Normal,0.09964912415589218
2023,HE_wc,High_BP,0.0055985957564022
2023,HE_wc,High_Glu,0.010731828743991614
2023,HE_wc,Dyslipid,0.030281271490998223
2023,HE_wc,Complex,0.06418105463549607
2023,WHtR,Normal,0.06940047341510609
2023,WHtR,High_BP,0.008234682090276647
2023,WHtR,High_Glu,0.004742581692880195
2023,WHtR,Dyslipid,0.04605776257243234
2023,WHtR,Complex,0.03664074802207383
2023,sedentary_hours,Normal,0.006609781746940085
2023,sedentary_hours,High_BP,0.0013284025435674495
2023,sedentary_hours,High_Glu,0.00425078059723863
2023,sedentary_hours,Dyslipid,0.008634235531880302
2023,sedentary_hours,Complex,0.003381041055052501
2023,sex,Normal,0.010431723292964804
2023,sex,High_BP,0.024064973899744276
2023,sex,High_Glu,0.0030349090773543895
2023,sex,Dyslipid,0.0340049108131462
2023,sex,Complex,0.016387840435402673
2023,incm,Normal,0.014311001296458655
2023,incm,High_BP,0.002514245638077992
2023,incm,High_Glu,0.002546956080024075
2023,incm,Dyslipid,0.008854191409923556
2023,incm,Complex,0.006951769156155814
2023,edu,Normal,0.008036887720661088
2023,edu,High_BP,0.00045751946445513796
2023,edu,High_Glu,0.003161671457129856
2023,edu,Dyslipid,0.003815789729855721
2023,edu,Complex,0.004378829517852019
2023,sm_presnt,Normal,0.02188800444381834
2023,sm_presnt,High_BP,0.0016969762019858395
2023,sm_presnt,High_Glu,0.0029838027244629994
2023,sm_presnt,Dyslipid,0.011988236759536284
2023,sm_presnt,Complex,0.014521929288890574
2023,dr_month,Normal,0.008058460594815025
2023,dr_month,High_BP,0.0036151779705628946
2023,dr_month,High_Glu,0.011751403380821741
2023,dr_month,Dyslipid,0.02767254743899249
2023,dr_month,Complex,0.007877647190632569
2023,pa_aerobic,Normal,0.013499226524110144
2023,pa_aerobic,High_BP,0.0013217952610713921
2023,pa_aerobic,High_Glu,0.001974874589759069
2023,pa_aerobic,Dyslipid,0.009171936780449258
2023,pa_aerobic,Complex,0.004775091704351473
2023,living_alone,Normal,0.002377581241864465
2023,living_alone,High_BP,0.0015969580670301584
2023,living_alone,High_Glu,0.00300354620875886
2023,living_alone,Dyslipid,0.006979490509558925
2023,living_alone,Complex,0.0006211070034658188
2023,solo_dinner,Normal,0.014833014892246303
2023,solo_dinner,High_BP,0.0010779579362400575
2023,solo_dinner,High_Glu,0.0016914438002708268
2023,solo_dinner,Dyslipid,0.00882480769768158
2023,solo_dinner,Complex,0.004672986025176906
2023,weight_gain,Normal,0.007951508499728092
2023,weight_gain,High_BP,0.0007333718058321464
2023,weight_gain,High_Glu,0.0033849820928936176
2023,weight_gain,Dyslipid,0.0021683593104368766
2023,weight_gain,Complex,0.005255502059547071
2023,no_brush_bed,Normal,0.005666266324017562
2023,no_brush_bed,High_BP,0.0009927522140857192
2023,no_brush_bed,High_Glu,0.0027323952298844768
2023,no_brush_bed,Dyslipid,0.005498400357147652
2023,no_brush_bed,Complex,0.0037512720488122905
2024,age,Normal,0.036702324082282176
2024,age,High_BP,0.0028668162548957524
2024,age,High_Glu,0.019017319494566347
2024,age,Dyslipid,0.012948010921373305
2024,age,Complex,0.029010560374609373
2024,HE_BMI,Normal,0.031375915249660165
2024,HE_BMI,High_BP,0.01279438451083387
2024,HE_BMI,High_Glu,0.009213220288005334
2024,HE_BMI,Dyslipid,0.014048936426589113
2024,HE_BMI,Complex,0.022597659694654736
2024,HE_wc,Normal,0.09705174876244245
2024,HE_wc,High_BP,0.002882856967855302
2024,HE_wc,High_Glu,0.013392193722564996
2024,HE_wc,Dyslipid,0.03230978896008871
2024,HE_wc,Complex,0.055719286262841394
2024,WHtR,Normal,0.07308270883437037
2024,WHtR,High_BP,0.008831615633741949
2024,WHtR,High_Glu,0.005486517527493625
2024,WHtR,Dyslipid,0.05435039819833305
2024,WHtR,Complex,0.03276259078240009
2024,sedentary_hours,Normal,0.006296384512012372
2024,sedentary_hours,High_BP,0.0011375089658048159
2024,sedentary_hours,High_Glu,0.0047411315940314586
2024,sedentary_hours,Dyslipid,0.00733063464831226
2024,sedentary_hours,Complex,0.0034700434749481888
2024,sex,Normal,0.00646701541826146
2024,sex,High_BP,0.023991098921563283
2024,sex,High_Glu,0.0020033187909034842
2024,sex,Dyslipid,0.032465556330967316
2024,sex,Complex,0.010142967529819228
2024,incm,Normal,0.013359120558346349
2024,incm,High_BP,0.0016914387720434287
2024,incm,High_Glu,0.0029059490915492384
2024,incm,Dyslipid,0.008471280857895976
2024,incm,Complex,0.007378504835512454
2024,edu,Normal,0.006636884563805842
2024,edu,High_BP,0.0006265780891201488
2024,edu,High_Glu,0.0025895787167208653
2024,edu,Dyslipid,0.004054539859778535
2024,edu,Complex,0.001786961097359587
2024,sm_presnt,Normal,0.020051124023291792
2024,sm_presnt,High_BP,0.0011233826340106745
2024,sm_presnt,High_Glu,0.003102025332952243
2024,sm_presnt,Dyslipid,0.012146154881285976
2024,sm_presnt,Complex,0.011752919684221909
2024,dr_month,Normal,0.014165399718344393
2024,dr_month,High_BP,0.002745197225487175
2024,dr_month,High_Glu,0.011551177128205942
2024,dr_month,Dyslipid,0.03309819475000497
2024,dr_month,Complex,0.005433759171192287
2024,pa_aerobic,Normal,0.01233676625914984
2024,pa_aerobic,High_BP,0.000934055592040841
2024,pa_aerobic,High_Glu,0.001677080543634373
2024,pa_aerobic,Dyslipid,0.0073061045447332775
2024,pa_aerobic,Complex,0.0047580160795994515
2024,living_alone,Normal,0.003916022131030817
2024,living_alone,High_BP,0.0009926016589527776
2024,living_alone,High_Glu,0.003391433805692361
2024,living_alone,Dyslipid,0.006487978667613243
2024,living_alone,Complex,0.0017840955261367475
2024,solo_dinner,Normal,0.015283804370633985
2024,solo_dinner,High_BP,0.0007892421728657578
2024,solo_dinner,High_Glu,0.0019093304276160427
2024,solo_dinner,Dyslipid,0.011607226464428943
2024,solo_dinner,Complex,0.0037100418002475283
2024,weight_gain,Normal,0.00592519136269086
2024,weight_gain,High_BP,0.001605317673310482
2024,weight_gain,High_Glu,0.0017799153543048235
2024,weight_gain,Dyslipid,0.00243131927770148
2024,weight_gain,Complex,0.004385311745522516
2024,no_brush_bed,Normal,0.0035611928704581053
2024,no_brush_bed,High_BP,0.0004535359206196565
2024,no_brush_bed,High_Glu,0.0021454417587534066
2024,no_brush_bed,Dyslipid,0.00397443383834772
2024,no_brush_bed,Complex,0.00287685850164444
