model,year,macro_ap,macro_auc,macro_f1,nll,brier
LR,2020,0.36000872151384816,0.7267826654432156,0.23548514103945634,1.0657343017326844,0.5390581689083553
LR,2021,0.3520336657057237,0.7205430292256578,0.2500825197713726,1.0479341666621202,0.5258370025153297
LR,2022,0.3402889887497114,0.7096048309860128,0.27124631465623694,1.042247931344047,0.5054773036506016
LR,2023,0.33939614421361325,0.7206536825762717,0.2805558185339952,0.9429016769312445,0.4705519257292908
LR,2024,0.3597628421544716,0.7550354227793357,0.2876768374197643,0.8997077768303604,0.4385931225297028
RF,2020,0.3505353644396228,0.7205503703955802,0.2761479462049999,1.0589843292128995,0.5360025929605511
RF,2021,0.3559528633576464,0.7289561909933963,0.25860061756857483,1.0384242608200331,0.5215224256261097
RF,2022,0.3414377150599762,0.6993478485731949,0.2823500241724296,1.0295923297724316,0.5016392155864213
RF,2023,0.33144751060810435,0.7345669983574752,0.2830595381345954,0.9366069247246229,0.46964661722442147
RF,2024,0.3553814925558846,0.7374435364391798,0.2971010962652157,0.9040820762368675,0.4386767194978269
XGB,2020,0.362649600708899,0.7308471149513227,0.2742737416824973,1.052296015216648,0.532766152921848
XGB,2021,0.360334561312604,0.7363626579033159,0.2665430812514774,1.032331828531172,0.5201945397309473
XGB,2022,0.34177349975663374,0.7133163366891352,0.2905290167176838,1.0159257495152156,0.49951556239874595
XGB,2023,0.3467583148246643,0.7393185005115319,0.2702739947938046,0.9312110089465686,0.4651276637624295
XGB,2024,0.3602353662698935,0.755431313976335,0.2945365315993532,0.8926809390670577,0.4340401738143793
LGBM,2020,0.3558051311426401,0.7254085697959025,0.2685263894881694,1.056019838117701,0.5331633138604526
LGBM,2021,0.356488435556437,0.7314150156939884,0.27475307129283555,1.0394791378318875,0.5226831049898528
LGBM,2022,0.3424819649494793,0.709539612402836,0.2805553838684718,1.0230374322226634,0.5001032170323133
LGBM,2023,0.34415023724180294,0.7438481687505727,0.27025457611435777,0.9307222061800653,0.4651993386487469
LGBM,2024,0.359090313378177,0.7446663106484607,0.28142360426828344,0.9132112974872201,0.4392669102392753
MLP,2020,0.3556258107252451,0.7222006129332129,0.26456560733513534,1.0572188837176517,0.5342476721342581
MLP,2021,0.36812297037046215,0.7263734354366382,0.27295911656913596,1.043896903271253,0.5231618419057158
MLP,2022,0.3323932045280723,0.7033253069547886,0.28142117492738067,1.0482827816324172,0.5104449992875392
MLP,2023,0.3399675707477305,0.7278770165291898,0.2806798186135074,0.9350101978152499,0.4672064785045576
MLP,2024,0.3583725319781773,0.7512675338796073,0.28665360472609336,0.8968748073821154,0.43671742699770655
jEPF,2020,0.36055180680466753,0.7369963468877991,0.27046992740090525,1.0420214503121825,0.5277454848080058
jEPF,2021,0.37522899606162313,0.7516372842057679,0.272848796347551,1.0203374719105573,0.5163709953788743
jEPF,2022,0.3398187010554019,0.7134816077705496,0.2832352630254542,1.0177347755067394,0.49815078952420605
jEPF,2023,0.33646917133654697,0.7314911202409722,0.28066002307124677,0.9512305638417121,0.4790519463025355
jEPF,2024,0.373494473346427,0.7581534973425338,0.30122813506113505,0.8988748768511239,0.4365886074018789
jMLP,2020,0.36158908353287067,0.7336818481059668,0.2690309910520767,1.0441114258126223,0.5277606923735858
jMLP,2021,0.37063878856393845,0.7501670843006422,0.26727348123896144,1.0178026910232747,0.5159494020247258
jMLP,2022,0.3331580565339821,0.7097120902684194,0.27356289420828644,1.021535815281391,0.4996733649227163
jMLP,2023,0.3277510150424437,0.7322683268384759,0.27597089119084195,0.9484901239468104,0.4781979974071819
jMLP,2024,0.3650704910651243,0.7548951764588392,0.2802984305592193,0.901169748369563,0.43999095835475044
jLinear,2020,0.3576267521290391,0.7293607931869318,0.25782900618821947,1.0552076227480216,0.5340074793094097
jLinear,2021,0.368357469462355,0.750662772398257,0.2588434555440299,1.0195667595300655,0.517918074203556
jLinear,2022,0.3334073429020565,0.7135689713556229,0.2639940236498997,1.019101506735419,0.49879268605085414
jLinear,2023,0.3244954213684329,0.7293791064523875,0.26120443071612043,0.9499090321511596,0.47767561188284213
jLinear,2024,0.3588409638718802,0.7569235790549845,0.26597067605345615,0.9075083380851714,0.4446641953880138
