model,class,n,prevalence,ap,auc
LR,Normal,2796,0.606330218802011,0.8387992772300211,0.792803935455668
LR,High_BP,183,0.04478088664405882,0.07670363891230776,0.6722322312266358
LR,High_Glu,233,0.052696752976815774,0.10370210458657789,0.6590702756829001
LR,Dyslipid,813,0.18065695809759105,0.3011222950882463,0.6772223649611022
LR,Complex,483,0.11553518347952337,0.40110932446107983,0.8396667452762427
RF,Normal,2796,0.606330218802011,0.8365416836184905,0.7909675274487976
RF,High_BP,183,0.04478088664405882,0.07438161766345042,0.6719818688952264
RF,High_Glu,233,0.052696752976815774,0.11701681944404695,0.6565047808909275
RF,Dyslipid,813,0.18065695809759105,0.29407727691189045,0.6765296971786987
RF,Complex,483,0.11553518347952337,0.3975758256934229,0.8378508855013023
XGB,Normal,2796,0.606330218802011,0.8396739739705851,0.7941802744635779
XGB,High_BP,183,0.04478088664405882,0.07295957836097877,0.6856394625589444
XGB,High_Glu,233,0.052696752976815774,0.10876462626117171,0.6622765744294734
XGB,Dyslipid,813,0.18065695809759105,0.3117421572680584,0.6850756085002752
XGB,Complex,483,0.11553518347952337,0.4135347419995942,0.8398934865769807
LGBM,Normal,2796,0.606330218802011,0.8383249956185675,0.7943872409845343
LGBM,High_BP,183,0.04478088664405882,0.07251498919339606,0.6772868085037178
LGBM,High_Glu,233,0.052696752976815774,0.11376058135727464,0.6657888328864127
LGBM,Dyslipid,813,0.18065695809759105,0.31694404094952433,0.6843816508786748
LGBM,Complex,483,0.11553518347952337,0.4160469424237414,0.8388679847319267
MLP,Normal,2796,0.606330218802011,0.8411442668232432,0.7932525272852974
MLP,High_BP,183,0.04478088664405882,0.08375526259275808,0.6828366570998398
MLP,High_Glu,233,0.052696752976815774,0.10334523248302992,0.6591332822297861
MLP,Dyslipid,813,0.18065695809759105,0.3058022036313348,0.6853013291257697
MLP,Complex,483,0.11553518347952337,0.40992493608189806,0.8393264610826615
jEPF,Normal,2796,0.606330218802011,0.8438699055697487,0.7966675165570011
jEPF,High_BP,183,0.04478088664405882,0.07816739374464905,0.6849125435210077
jEPF,High_Glu,233,0.052696752976815774,0.09960665220457979,0.6608249841550952
jEPF,Dyslipid,813,0.18065695809759105,0.31958758296648865,0.690767642931738
jEPF,Complex,483,0.11553518347952337,0.41618824636357027,0.8439846965679151
jMLP,Normal,2796,0.606330218802011,0.8447035343732803,0.7970111236131404
jMLP,High_BP,183,0.04478088664405882,0.07591313474795942,0.6847272858038526
jMLP,High_Glu,233,0.052696752976815774,0.10693290093755532,0.6604771025482647
jMLP,Dyslipid,813,0.18065695809759105,0.31394751529643194,0.6928927363855824
jMLP,Complex,483,0.11553518347952337,0.40101781110738466,0.8435469622346512
jLinear,Normal,2796,0.606330218802011,0.8419729591272282,0.7933737641638278
jLinear,High_BP,183,0.04478088664405882,0.08064374391281917,0.6951534716273866
jLinear,High_Glu,233,0.052696752976815774,0.09998194206881789,0.6684498092971852
jLinear,Dyslipid,813,0.18065695809759105,0.3107392238660406,0.6881669761796765
jLinear,Complex,483,0.11553518347952337,0.3887255551774532,0.8406108107792137
